date,unrate,fed_funds,cpi,year,month
1947-01-01,,,21.48,1947,1
1947-02-01,,,21.62,1947,2
1947-03-01,,,22.0,1947,3
1947-04-01,,,22.0,1947,4
1947-05-01,,,21.95,1947,5
1947-06-01,,,22.08,1947,6
1947-07-01,,,22.23,1947,7
1947-08-01,,,22.4,1947,8
1947-09-01,,,22.84,1947,9
1947-10-01,,,22.91,1947,10
1947-11-01,,,23.06,1947,11
1947-12-01,,,23.41,1947,12
1948-01-01,3.4,,23.68,1948,1
1948-02-01,3.8,,23.67,1948,2
1948-03-01,4.0,,23.5,1948,3
1948-04-01,3.9,,23.82,1948,4
1948-05-01,3.5,,24.01,1948,5
1948-06-01,3.6,,24.15,1948,6
1948-07-01,3.6,,24.4,1948,7
1948-08-01,3.9,,24.43,1948,8
1948-09-01,3.8,,24.36,1948,9
1948-10-01,3.7,,24.31,1948,10
1948-11-01,3.8,,24.16,1948,11
1948-12-01,4.0,,24.05,1948,12
1949-01-01,4.3,,24.01,1949,1
1949-02-01,4.7,,23.91,1949,2
1949-03-01,5.0,,23.91,1949,3
1949-04-01,5.3,,23.92,1949,4
1949-05-01,6.1,,23.91,1949,5
1949-06-01,6.2,,23.92,1949,6
1949-07-01,6.7,,23.7,1949,7
1949-08-01,6.8,,23.7,1949,8
1949-09-01,6.6,,23.75,1949,9
1949-10-01,7.9,,23.67,1949,10
1949-11-01,6.4,,23.7,1949,11
1949-12-01,6.6,,23.61,1949,12
1950-01-01,6.5,,23.51,1950,1
1950-02-01,6.4,,23.61,1950,2
1950-03-01,6.3,,23.64,1950,3
1950-04-01,5.8,,23.65,1950,4
1950-05-01,5.5,,23.77,1950,5
1950-06-01,5.4,,23.88,1950,6
1950-07-01,5.0,,24.07,1950,7
1950-08-01,4.5,,24.2,1950,8
1950-09-01,4.4,,24.34,1950,9
1950-10-01,4.2,,24.5,1950,10
1950-11-01,4.2,,24.6,1950,11
1950-12-01,4.3,,24.98,1950,12
1951-01-01,3.7,,25.38,1951,1
1951-02-01,3.4,,25.83,1951,2
1951-03-01,3.4,,25.88,1951,3
1951-04-01,3.1,,25.92,1951,4
1951-05-01,3.0,,25.99,1951,5
1951-06-01,3.2,,25.93,1951,6
1951-07-01,3.1,,25.91,1951,7
1951-08-01,3.1,,25.86,1951,8
1951-09-01,3.3,,26.03,1951,9
1951-10-01,3.5,,26.16,1951,10
1951-11-01,3.5,,26.32,1951,11
1951-12-01,3.1,,26.47,1951,12
1952-01-01,3.2,,26.45,1952,1
1952-02-01,3.1,,26.41,1952,2
1952-03-01,2.9,,26.39,1952,3
1952-04-01,2.9,,26.46,1952,4
1952-05-01,3.0,,26.47,1952,5
1952-06-01,3.0,,26.53,1952,6
1952-07-01,3.2,,26.68,1952,7
1952-08-01,3.4,,26.69,1952,8
1952-09-01,3.1,,26.63,1952,9
1952-10-01,3.0,,26.69,1952,10
1952-11-01,2.8,,26.69,1952,11
1952-12-01,2.7,,26.71,1952,12
1953-01-01,2.9,,26.64,1953,1
1953-02-01,2.6,,26.59,1953,2
1953-03-01,2.6,,26.63,1953,3
1953-04-01,2.7,,26.69,1953,4
1953-05-01,2.5,,26.7,1953,5
1953-06-01,2.5,,26.77,1953,6
1953-07-01,2.6,,26.79,1953,7
1953-08-01,2.7,,26.85,1953,8
1953-09-01,2.9,,26.89,1953,9
1953-10-01,3.1,,26.95,1953,10
1953-11-01,3.5,,26.85,1953,11
1953-12-01,4.5,,26.87,1953,12
1954-01-01,4.9,,26.94,1954,1
1954-02-01,5.2,,26.99,1954,2
1954-03-01,5.7,,26.93,1954,3
1954-04-01,5.9,,26.86,1954,4
1954-05-01,5.9,,26.93,1954,5
1954-06-01,5.6,,26.94,1954,6
1954-07-01,5.8,0.8,26.86,1954,7
1954-08-01,6.0,1.22,26.85,1954,8
1954-09-01,6.1,1.07,26.81,1954,9
1954-10-01,5.7,0.85,26.72,1954,10
1954-11-01,5.3,0.83,26.78,1954,11
1954-12-01,5.0,1.28,26.77,1954,12
1955-01-01,4.9,1.39,26.77,1955,1
1955-02-01,4.7,1.29,26.82,1955,2
1955-03-01,4.6,1.35,26.79,1955,3
1955-04-01,4.7,1.43,26.79,1955,4
1955-05-01,4.3,1.43,26.77,1955,5
1955-06-01,4.2,1.64,26.71,1955,6
1955-07-01,4.0,1.68,26.76,1955,7
1955-08-01,4.2,1.96,26.72,1955,8
1955-09-01,4.1,2.18,26.85,1955,9
1955-10-01,4.3,2.24,26.82,1955,10
1955-11-01,4.2,2.35,26.88,1955,11
1955-12-01,4.2,2.48,26.87,1955,12
1956-01-01,4.0,2.45,26.83,1956,1
1956-02-01,3.9,2.5,26.86,1956,2
1956-03-01,4.2,2.5,26.89,1956,3
1956-04-01,4.0,2.62,26.93,1956,4
1956-05-01,4.3,2.75,27.03,1956,5
1956-06-01,4.3,2.71,27.15,1956,6
1956-07-01,4.4,2.75,27.29,1956,7
1956-08-01,4.1,2.73,27.31,1956,8
1956-09-01,3.9,2.95,27.35,1956,9
1956-10-01,3.9,2.96,27.51,1956,10
1956-11-01,4.3,2.88,27.51,1956,11
1956-12-01,4.2,2.94,27.63,1956,12
1957-01-01,4.2,2.84,27.67,1957,1
1957-02-01,3.9,3.0,27.8,1957,2
1957-03-01,3.7,2.96,27.86,1957,3
1957-04-01,3.9,3.0,27.93,1957,4
1957-05-01,4.1,3.0,28.0,1957,5
1957-06-01,4.3,3.0,28.11,1957,6
1957-07-01,4.2,2.99,28.19,1957,7
1957-08-01,4.1,3.24,28.28,1957,8
1957-09-01,4.4,3.47,28.32,1957,9
1957-10-01,4.5,3.5,28.32,1957,10
1957-11-01,5.1,3.28,28.41,1957,11
1957-12-01,5.2,2.98,28.47,1957,12
1958-01-01,5.8,2.72,28.64,1958,1
1958-02-01,6.4,1.67,28.7,1958,2
1958-03-01,6.7,1.2,28.87,1958,3
1958-04-01,7.4,1.26,28.94,1958,4
1958-05-01,7.4,0.63,28.94,1958,5
1958-06-01,7.3,0.93,28.91,1958,6
1958-07-01,7.5,0.68,28.89,1958,7
1958-08-01,7.4,1.53,28.94,1958,8
1958-09-01,7.1,1.76,28.91,1958,9
1958-10-01,6.7,1.8,28.91,1958,10
1958-11-01,6.2,2.27,28.95,1958,11
1958-12-01,6.2,2.42,28.97,1958,12
1959-01-01,6.0,2.48,29.01,1959,1
1959-02-01,5.9,2.43,29.0,1959,2
1959-03-01,5.6,2.8,28.97,1959,3
1959-04-01,5.2,2.96,28.98,1959,4
1959-05-01,5.1,2.9,29.04,1959,5
1959-06-01,5.0,3.39,29.11,1959,6
1959-07-01,5.1,3.47,29.15,1959,7
1959-08-01,5.2,3.5,29.18,1959,8
1959-09-01,5.5,3.76,29.25,1959,9
1959-10-01,5.7,3.98,29.35,1959,10
1959-11-01,5.8,4.0,29.35,1959,11
1959-12-01,5.3,3.99,29.41,1959,12
1960-01-01,5.2,3.99,29.37,1960,1
1960-02-01,4.8,3.97,29.41,1960,2
1960-03-01,5.4,3.84,29.41,1960,3
1960-04-01,5.2,3.92,29.54,1960,4
1960-05-01,5.1,3.85,29.57,1960,5
1960-06-01,5.4,3.32,29.61,1960,6
1960-07-01,5.5,3.23,29.55,1960,7
1960-08-01,5.6,2.98,29.61,1960,8
1960-09-01,5.5,2.6,29.61,1960,9
1960-10-01,6.1,2.47,29.75,1960,10
1960-11-01,6.1,2.44,29.78,1960,11
1960-12-01,6.6,1.98,29.81,1960,12
1961-01-01,6.6,1.45,29.84,1961,1
1961-02-01,6.9,2.54,29.84,1961,2
1961-03-01,6.9,2.02,29.84,1961,3
1961-04-01,7.0,1.49,29.81,1961,4
1961-05-01,7.1,1.98,29.84,1961,5
1961-06-01,6.9,1.73,29.84,1961,6
1961-07-01,7.0,1.17,29.92,1961,7
1961-08-01,6.6,2.0,29.94,1961,8
1961-09-01,6.7,1.88,29.98,1961,9
1961-10-01,6.5,2.26,29.98,1961,10
1961-11-01,6.1,2.61,29.98,1961,11
1961-12-01,6.0,2.33,30.01,1961,12
1962-01-01,5.8,2.15,30.04,1962,1
1962-02-01,5.5,2.37,30.11,1962,2
1962-03-01,5.6,2.85,30.17,1962,3
1962-04-01,5.6,2.78,30.21,1962,4
1962-05-01,5.5,2.36,30.24,1962,5
1962-06-01,5.5,2.68,30.21,1962,6
1962-07-01,5.4,2.71,30.22,1962,7
1962-08-01,5.7,2.93,30.28,1962,8
1962-09-01,5.6,2.9,30.42,1962,9
1962-10-01,5.4,2.9,30.38,1962,10
1962-11-01,5.7,2.94,30.38,1962,11
1962-12-01,5.5,2.93,30.38,1962,12
1963-01-01,5.7,2.92,30.44,1963,1
1963-02-01,5.9,3.0,30.48,1963,2
1963-03-01,5.7,2.98,30.51,1963,3
1963-04-01,5.7,2.9,30.48,1963,4
1963-05-01,5.9,3.0,30.51,1963,5
1963-06-01,5.6,2.99,30.61,1963,6
1963-07-01,5.6,3.02,30.69,1963,7
1963-08-01,5.4,3.49,30.75,1963,8
1963-09-01,5.5,3.48,30.72,1963,9
1963-10-01,5.5,3.5,30.75,1963,10
1963-11-01,5.7,3.48,30.78,1963,11
1963-12-01,5.5,3.38,30.88,1963,12
1964-01-01,5.6,3.48,30.94,1964,1
1964-02-01,5.4,3.48,30.91,1964,2
1964-03-01,5.4,3.43,30.94,1964,3
1964-04-01,5.3,3.47,30.95,1964,4
1964-05-01,5.1,3.5,30.98,1964,5
1964-06-01,5.2,3.5,31.01,1964,6
1964-07-01,4.9,3.42,31.02,1964,7
1964-08-01,5.0,3.5,31.05,1964,8
1964-09-01,5.1,3.45,31.08,1964,9
1964-10-01,5.1,3.36,31.12,1964,10
1964-11-01,4.8,3.52,31.21,1964,11
1964-12-01,5.0,3.85,31.25,1964,12
1965-01-01,4.9,3.9,31.28,1965,1
1965-02-01,5.1,3.98,31.28,1965,2
1965-03-01,4.7,4.05,31.31,1965,3
1965-04-01,4.8,4.09,31.38,1965,4
1965-05-01,4.6,4.1,31.48,1965,5
1965-06-01,4.6,4.05,31.61,1965,6
1965-07-01,4.4,4.09,31.58,1965,7
1965-08-01,4.4,4.12,31.55,1965,8
1965-09-01,4.3,4.02,31.62,1965,9
1965-10-01,4.2,4.08,31.65,1965,10
1965-11-01,4.1,4.1,31.75,1965,11
1965-12-01,4.0,4.32,31.85,1965,12
1966-01-01,4.0,4.42,31.88,1966,1
1966-02-01,3.8,4.6,32.08,1966,2
1966-03-01,3.8,4.66,32.18,1966,3
1966-04-01,3.8,4.67,32.28,1966,4
1966-05-01,3.9,4.9,32.35,1966,5
1966-06-01,3.8,5.17,32.38,1966,6
1966-07-01,3.8,5.3,32.45,1966,7
1966-08-01,3.8,5.53,32.65,1966,8
1966-09-01,3.7,5.4,32.75,1966,9
1966-10-01,3.7,5.53,32.85,1966,10
1966-11-01,3.6,5.76,32.88,1966,11
1966-12-01,3.8,5.4,32.92,1966,12
1967-01-01,3.9,4.94,32.9,1967,1
1967-02-01,3.8,5.0,33.0,1967,2
1967-03-01,3.8,4.53,33.0,1967,3
1967-04-01,3.8,4.05,33.1,1967,4
1967-05-01,3.8,3.94,33.1,1967,5
1967-06-01,3.9,3.98,33.3,1967,6
1967-07-01,3.8,3.79,33.4,1967,7
1967-08-01,3.8,3.9,33.5,1967,8
1967-09-01,3.8,3.99,33.6,1967,9
1967-10-01,4.0,3.88,33.7,1967,10
1967-11-01,3.9,4.13,33.9,1967,11
1967-12-01,3.8,4.51,34.0,1967,12
1968-01-01,3.7,4.61,34.1,1968,1
1968-02-01,3.8,4.71,34.2,1968,2
1968-03-01,3.7,5.05,34.3,1968,3
1968-04-01,3.5,5.76,34.4,1968,4
1968-05-01,3.5,6.12,34.5,1968,5
1968-06-01,3.7,6.07,34.7,1968,6
1968-07-01,3.7,6.03,34.9,1968,7
1968-08-01,3.5,6.03,35.0,1968,8
1968-09-01,3.4,5.78,35.1,1968,9
1968-10-01,3.4,5.91,35.3,1968,10
1968-11-01,3.4,5.82,35.4,1968,11
1968-12-01,3.4,6.02,35.6,1968,12
1969-01-01,3.4,6.3,35.7,1969,1
1969-02-01,3.4,6.61,35.8,1969,2
1969-03-01,3.4,6.79,36.1,1969,3
1969-04-01,3.4,7.41,36.3,1969,4
1969-05-01,3.4,8.67,36.4,1969,5
1969-06-01,3.5,8.9,36.6,1969,6
1969-07-01,3.5,8.61,36.8,1969,7
1969-08-01,3.5,9.19,36.9,1969,8
1969-09-01,3.7,9.15,37.1,1969,9
1969-10-01,3.7,9.0,37.3,1969,10
1969-11-01,3.5,8.85,37.5,1969,11
1969-12-01,3.5,8.97,37.7,1969,12
1970-01-01,3.9,8.98,37.9,1970,1
1970-02-01,4.2,8.98,38.1,1970,2
1970-03-01,4.4,7.76,38.3,1970,3
1970-04-01,4.6,8.1,38.5,1970,4
1970-05-01,4.8,7.95,38.6,1970,5
1970-06-01,4.9,7.61,38.8,1970,6
1970-07-01,5.0,7.21,38.9,1970,7
1970-08-01,5.1,6.62,39.0,1970,8
1970-09-01,5.4,6.29,39.2,1970,9
1970-10-01,5.5,6.2,39.4,1970,10
1970-11-01,5.9,5.6,39.6,1970,11
1970-12-01,6.1,4.9,39.8,1970,12
1971-01-01,5.9,4.14,39.9,1971,1
1971-02-01,5.9,3.72,39.9,1971,2
1971-03-01,6.0,3.71,40.0,1971,3
1971-04-01,5.9,4.16,40.1,1971,4
1971-05-01,5.9,4.63,40.3,1971,5
1971-06-01,5.9,4.91,40.5,1971,6
1971-07-01,6.0,5.31,40.6,1971,7
1971-08-01,6.1,5.57,40.7,1971,8
1971-09-01,6.0,5.55,40.8,1971,9
1971-10-01,5.8,5.2,40.9,1971,10
1971-11-01,6.0,4.91,41.0,1971,11
1971-12-01,6.0,4.14,41.1,1971,12
1972-01-01,5.8,3.51,41.2,1972,1
1972-02-01,5.7,3.3,41.4,1972,2
1972-03-01,5.8,3.83,41.4,1972,3
1972-04-01,5.7,4.17,41.5,1972,4
1972-05-01,5.7,4.27,41.6,1972,5
1972-06-01,5.7,4.46,41.7,1972,6
1972-07-01,5.6,4.55,41.8,1972,7
1972-08-01,5.6,4.81,41.9,1972,8
1972-09-01,5.5,4.87,42.1,1972,9
1972-10-01,5.6,5.05,42.2,1972,10
1972-11-01,5.3,5.06,42.4,1972,11
1972-12-01,5.2,5.33,42.5,1972,12
1973-01-01,4.9,5.94,42.7,1973,1
1973-02-01,5.0,6.58,43.0,1973,2
1973-03-01,4.9,7.09,43.4,1973,3
1973-04-01,5.0,7.12,43.7,1973,4
1973-05-01,4.9,7.84,43.9,1973,5
1973-06-01,4.9,8.49,44.2,1973,6
1973-07-01,4.8,10.4,44.2,1973,7
1973-08-01,4.8,10.5,45.0,1973,8
1973-09-01,4.8,10.78,45.2,1973,9
1973-10-01,4.6,10.01,45.6,1973,10
1973-11-01,4.8,10.03,45.9,1973,11
1973-12-01,4.9,9.95,46.3,1973,12
1974-01-01,5.1,9.65,46.8,1974,1
1974-02-01,5.2,8.97,47.3,1974,2
1974-03-01,5.1,9.35,47.8,1974,3
1974-04-01,5.1,10.51,48.1,1974,4
1974-05-01,5.1,11.31,48.6,1974,5
1974-06-01,5.4,11.93,49.0,1974,6
1974-07-01,5.5,12.92,49.3,1974,7
1974-08-01,5.5,12.01,49.9,1974,8
1974-09-01,5.9,11.34,50.6,1974,9
1974-10-01,6.0,10.06,51.0,1974,10
1974-11-01,6.6,9.45,51.5,1974,11
1974-12-01,7.2,8.53,51.9,1974,12
1975-01-01,8.1,7.13,52.3,1975,1
1975-02-01,8.1,6.24,52.6,1975,2
1975-03-01,8.6,5.54,52.8,1975,3
1975-04-01,8.8,5.49,53.0,1975,4
1975-05-01,9.0,5.22,53.1,1975,5
1975-06-01,8.8,5.55,53.5,1975,6
1975-07-01,8.6,6.1,54.0,1975,7
1975-08-01,8.4,6.14,54.2,1975,8
1975-09-01,8.4,6.24,54.6,1975,9
1975-10-01,8.4,5.82,54.9,1975,10
1975-11-01,8.3,5.22,55.3,1975,11
1975-12-01,8.2,5.2,55.6,1975,12
1976-01-01,7.9,4.87,55.8,1976,1
1976-02-01,7.7,4.77,55.9,1976,2
1976-03-01,7.6,4.84,56.0,1976,3
1976-04-01,7.7,4.82,56.1,1976,4
1976-05-01,7.4,5.29,56.4,1976,5
1976-06-01,7.6,5.48,56.7,1976,6
1976-07-01,7.8,5.31,57.0,1976,7
1976-08-01,7.8,5.29,57.3,1976,8
1976-09-01,7.6,5.25,57.6,1976,9
1976-10-01,7.7,5.02,57.9,1976,10
1976-11-01,7.8,4.95,58.1,1976,11
1976-12-01,7.8,4.65,58.4,1976,12
1977-01-01,7.5,4.61,58.7,1977,1
1977-02-01,7.6,4.68,59.3,1977,2
1977-03-01,7.4,4.69,59.6,1977,3
1977-04-01,7.2,4.73,60.0,1977,4
1977-05-01,7.0,5.35,60.2,1977,5
1977-06-01,7.2,5.39,60.5,1977,6
1977-07-01,6.9,5.42,60.8,1977,7
1977-08-01,7.0,5.9,61.1,1977,8
1977-09-01,6.8,6.14,61.3,1977,9
1977-10-01,6.8,6.47,61.6,1977,10
1977-11-01,6.8,6.51,62.0,1977,11
1977-12-01,6.4,6.56,62.3,1977,12
1978-01-01,6.4,6.7,62.7,1978,1
1978-02-01,6.3,6.78,63.0,1978,2
1978-03-01,6.3,6.79,63.4,1978,3
1978-04-01,6.1,6.89,63.9,1978,4
1978-05-01,6.0,7.36,64.5,1978,5
1978-06-01,5.9,7.6,65.0,1978,6
1978-07-01,6.2,7.81,65.5,1978,7
1978-08-01,5.9,8.04,65.9,1978,8
1978-09-01,6.0,8.45,66.5,1978,9
1978-10-01,5.8,8.96,67.1,1978,10
1978-11-01,5.9,9.76,67.5,1978,11
1978-12-01,6.0,10.03,67.9,1978,12
1979-01-01,5.9,10.07,68.5,1979,1
1979-02-01,5.9,10.06,69.2,1979,2
1979-03-01,5.8,10.09,69.9,1979,3
1979-04-01,5.8,10.01,70.6,1979,4
1979-05-01,5.6,10.24,71.4,1979,5
1979-06-01,5.7,10.29,72.2,1979,6
1979-07-01,5.7,10.47,73.0,1979,7
1979-08-01,6.0,10.94,73.7,1979,8
1979-09-01,5.9,11.43,74.4,1979,9
1979-10-01,6.0,13.77,75.2,1979,10
1979-11-01,5.9,13.18,76.0,1979,11
1979-12-01,6.0,13.78,76.9,1979,12
1980-01-01,6.3,13.82,78.0,1980,1
1980-02-01,6.3,14.13,79.0,1980,2
1980-03-01,6.3,17.19,80.1,1980,3
1980-04-01,6.9,17.61,80.9,1980,4
1980-05-01,7.5,10.98,81.7,1980,5
1980-06-01,7.6,9.47,82.5,1980,6
1980-07-01,7.8,9.03,82.6,1980,7
1980-08-01,7.7,9.61,83.2,1980,8
1980-09-01,7.5,10.87,83.9,1980,9
1980-10-01,7.5,12.81,84.7,1980,10
1980-11-01,7.5,15.85,85.6,1980,11
1980-12-01,7.2,18.9,86.4,1980,12
1981-01-01,7.5,19.08,87.2,1981,1
1981-02-01,7.4,15.93,88.0,1981,2
1981-03-01,7.4,14.7,88.6,1981,3
1981-04-01,7.2,15.72,89.1,1981,4
1981-05-01,7.5,18.52,89.7,1981,5
1981-06-01,7.5,19.1,90.5,1981,6
1981-07-01,7.2,19.04,91.5,1981,7
1981-08-01,7.4,17.82,92.2,1981,8
1981-09-01,7.6,15.87,93.1,1981,9
1981-10-01,7.9,15.08,93.4,1981,10
1981-11-01,8.3,13.31,93.8,1981,11
1981-12-01,8.5,12.37,94.1,1981,12
1982-01-01,8.6,13.22,94.4,1982,1
1982-02-01,8.9,14.78,94.7,1982,2
1982-03-01,9.0,14.68,94.7,1982,3
1982-04-01,9.3,14.94,95.0,1982,4
1982-05-01,9.4,14.45,95.9,1982,5
1982-06-01,9.6,14.15,97.0,1982,6
1982-07-01,9.8,12.59,97.5,1982,7
1982-08-01,9.8,10.12,97.7,1982,8
1982-09-01,10.1,10.31,97.7,1982,9
1982-10-01,10.4,9.71,98.1,1982,10
1982-11-01,10.8,9.2,98.0,1982,11
1982-12-01,10.8,8.95,97.7,1982,12
1983-01-01,10.4,8.68,97.9,1983,1
1983-02-01,10.4,8.51,98.0,1983,2
1983-03-01,10.3,8.77,98.1,1983,3
1983-04-01,10.2,8.8,98.8,1983,4
1983-05-01,10.1,8.63,99.2,1983,5
1983-06-01,10.1,8.98,99.4,1983,6
1983-07-01,9.4,9.37,99.8,1983,7
1983-08-01,9.5,9.56,100.1,1983,8
1983-09-01,9.2,9.45,100.4,1983,9
1983-10-01,8.8,9.48,100.8,1983,10
1983-11-01,8.5,9.34,101.1,1983,11
1983-12-01,8.3,9.47,101.4,1983,12
1984-01-01,8.0,9.56,102.1,1984,1
1984-02-01,7.8,9.59,102.6,1984,2
1984-03-01,7.8,9.91,102.9,1984,3
1984-04-01,7.7,10.29,103.3,1984,4
1984-05-01,7.4,10.32,103.5,1984,5
1984-06-01,7.2,11.06,103.7,1984,6
1984-07-01,7.5,11.23,104.1,1984,7
1984-08-01,7.5,11.64,104.4,1984,8
1984-09-01,7.3,11.3,104.7,1984,9
1984-10-01,7.4,9.99,105.1,1984,10
1984-11-01,7.2,9.43,105.3,1984,11
1984-12-01,7.3,8.38,105.5,1984,12
1985-01-01,7.3,8.35,105.7,1985,1
1985-02-01,7.2,8.5,106.3,1985,2
1985-03-01,7.2,8.58,106.8,1985,3
1985-04-01,7.3,8.27,107.0,1985,4
1985-05-01,7.2,7.97,107.2,1985,5
1985-06-01,7.4,7.53,107.5,1985,6
1985-07-01,7.4,7.88,107.7,1985,7
1985-08-01,7.1,7.9,107.9,1985,8
1985-09-01,7.1,7.92,108.1,1985,9
1985-10-01,7.1,7.99,108.5,1985,10
1985-11-01,7.0,8.05,109.0,1985,11
1985-12-01,7.0,8.27,109.5,1985,12
1986-01-01,6.7,8.14,109.9,1986,1
1986-02-01,7.2,7.86,109.7,1986,2
1986-03-01,7.2,7.48,109.1,1986,3
1986-04-01,7.1,6.99,108.7,1986,4
1986-05-01,7.2,6.85,109.0,1986,5
1986-06-01,7.2,6.92,109.4,1986,6
1986-07-01,7.0,6.56,109.5,1986,7
1986-08-01,6.9,6.17,109.6,1986,8
1986-09-01,7.0,5.89,110.0,1986,9
1986-10-01,7.0,5.85,110.2,1986,10
1986-11-01,6.9,6.04,110.4,1986,11
1986-12-01,6.6,6.91,110.8,1986,12
1987-01-01,6.6,6.43,111.4,1987,1
1987-02-01,6.6,6.1,111.8,1987,2
1987-03-01,6.6,6.13,112.2,1987,3
1987-04-01,6.3,6.37,112.7,1987,4
1987-05-01,6.3,6.85,113.0,1987,5
1987-06-01,6.2,6.73,113.5,1987,6
1987-07-01,6.1,6.58,113.8,1987,7
1987-08-01,6.0,6.73,114.3,1987,8
1987-09-01,5.9,7.22,114.7,1987,9
1987-10-01,6.0,7.29,115.0,1987,10
1987-11-01,5.8,6.69,115.4,1987,11
1987-12-01,5.7,6.77,115.6,1987,12
1988-01-01,5.7,6.83,116.0,1988,1
1988-02-01,5.7,6.58,116.2,1988,2
1988-03-01,5.7,6.58,116.5,1988,3
1988-04-01,5.4,6.87,117.2,1988,4
1988-05-01,5.6,7.09,117.5,1988,5
1988-06-01,5.4,7.51,118.0,1988,6
1988-07-01,5.4,7.75,118.5,1988,7
1988-08-01,5.6,8.01,119.0,1988,8
1988-09-01,5.4,8.19,119.5,1988,9
1988-10-01,5.4,8.3,119.9,1988,10
1988-11-01,5.3,8.35,120.3,1988,11
1988-12-01,5.3,8.76,120.7,1988,12
1989-01-01,5.4,9.12,121.2,1989,1
1989-02-01,5.2,9.36,121.6,1989,2
1989-03-01,5.0,9.85,122.2,1989,3
1989-04-01,5.2,9.84,123.1,1989,4
1989-05-01,5.2,9.81,123.7,1989,5
1989-06-01,5.3,9.53,124.1,1989,6
1989-07-01,5.2,9.24,124.5,1989,7
1989-08-01,5.2,8.99,124.5,1989,8
1989-09-01,5.3,9.02,124.8,1989,9
1989-10-01,5.3,8.84,125.4,1989,10
1989-11-01,5.4,8.55,125.9,1989,11
1989-12-01,5.4,8.45,126.3,1989,12
1990-01-01,5.4,8.23,127.5,1990,1
1990-02-01,5.3,8.24,128.0,1990,2
1990-03-01,5.2,8.28,128.6,1990,3
1990-04-01,5.4,8.26,128.9,1990,4
1990-05-01,5.4,8.18,129.1,1990,5
1990-06-01,5.2,8.29,129.9,1990,6
1990-07-01,5.5,8.15,130.5,1990,7
1990-08-01,5.7,8.13,131.6,1990,8
1990-09-01,5.9,8.2,132.5,1990,9
1990-10-01,5.9,8.11,133.4,1990,10
1990-11-01,6.2,7.81,133.7,1990,11
1990-12-01,6.3,7.31,134.2,1990,12
1991-01-01,6.4,6.91,134.7,1991,1
1991-02-01,6.6,6.25,134.8,1991,2
1991-03-01,6.8,6.12,134.8,1991,3
1991-04-01,6.7,5.91,135.1,1991,4
1991-05-01,6.9,5.78,135.6,1991,5
1991-06-01,6.9,5.9,136.0,1991,6
1991-07-01,6.8,5.82,136.2,1991,7
1991-08-01,6.9,5.66,136.6,1991,8
1991-09-01,6.9,5.45,137.0,1991,9
1991-10-01,7.0,5.21,137.2,1991,10
1991-11-01,7.0,4.81,137.8,1991,11
1991-12-01,7.3,4.43,138.2,1991,12
1992-01-01,7.3,4.03,138.3,1992,1
1992-02-01,7.4,4.06,138.6,1992,2
1992-03-01,7.4,3.98,139.1,1992,3
1992-04-01,7.4,3.73,139.4,1992,4
1992-05-01,7.6,3.82,139.7,1992,5
1992-06-01,7.8,3.76,140.1,1992,6
1992-07-01,7.7,3.25,140.5,1992,7
1992-08-01,7.6,3.3,140.8,1992,8
1992-09-01,7.6,3.22,141.1,1992,9
1992-10-01,7.3,3.1,141.7,1992,10
1992-11-01,7.4,3.09,142.1,1992,11
1992-12-01,7.4,2.92,142.3,1992,12
1993-01-01,7.3,3.02,142.8,1993,1
1993-02-01,7.1,3.03,143.1,1993,2
1993-03-01,7.0,3.07,143.3,1993,3
1993-04-01,7.1,2.96,143.8,1993,4
1993-05-01,7.1,3.0,144.2,1993,5
1993-06-01,7.0,3.04,144.3,1993,6
1993-07-01,6.9,3.06,144.5,1993,7
1993-08-01,6.8,3.03,144.8,1993,8
1993-09-01,6.7,3.09,145.0,1993,9
1993-10-01,6.8,2.99,145.6,1993,10
1993-11-01,6.6,3.02,146.0,1993,11
1993-12-01,6.5,2.96,146.3,1993,12
1994-01-01,6.6,3.05,146.3,1994,1
1994-02-01,6.6,3.25,146.7,1994,2
1994-03-01,6.5,3.34,147.1,1994,3
1994-04-01,6.4,3.56,147.2,1994,4
1994-05-01,6.1,4.01,147.5,1994,5
1994-06-01,6.1,4.25,147.9,1994,6
1994-07-01,6.1,4.26,148.4,1994,7
1994-08-01,6.0,4.47,149.0,1994,8
1994-09-01,5.9,4.73,149.3,1994,9
1994-10-01,5.8,4.76,149.4,1994,10
1994-11-01,5.6,5.29,149.8,1994,11
1994-12-01,5.5,5.45,150.1,1994,12
1995-01-01,5.6,5.53,150.5,1995,1
1995-02-01,5.4,5.92,150.9,1995,2
1995-03-01,5.4,5.98,151.2,1995,3
1995-04-01,5.8,6.05,151.8,1995,4
1995-05-01,5.6,6.01,152.1,1995,5
1995-06-01,5.6,6.0,152.4,1995,6
1995-07-01,5.7,5.85,152.6,1995,7
1995-08-01,5.7,5.74,152.9,1995,8
1995-09-01,5.6,5.8,153.1,1995,9
1995-10-01,5.5,5.76,153.5,1995,10
1995-11-01,5.6,5.8,153.7,1995,11
1995-12-01,5.6,5.6,153.9,1995,12
1996-01-01,5.6,5.56,154.7,1996,1
1996-02-01,5.5,5.22,155.0,1996,2
1996-03-01,5.5,5.31,155.5,1996,3
1996-04-01,5.6,5.22,156.1,1996,4
1996-05-01,5.6,5.24,156.4,1996,5
1996-06-01,5.3,5.27,156.7,1996,6
1996-07-01,5.5,5.4,157.0,1996,7
1996-08-01,5.1,5.22,157.2,1996,8
1996-09-01,5.2,5.3,157.7,1996,9
1996-10-01,5.2,5.24,158.2,1996,10
1996-11-01,5.4,5.31,158.7,1996,11
1996-12-01,5.4,5.29,159.1,1996,12
1997-01-01,5.3,5.25,159.4,1997,1
1997-02-01,5.2,5.19,159.7,1997,2
1997-03-01,5.2,5.39,159.8,1997,3
1997-04-01,5.1,5.51,159.9,1997,4
1997-05-01,4.9,5.5,159.9,1997,5
1997-06-01,5.0,5.56,160.2,1997,6
1997-07-01,4.9,5.52,160.4,1997,7
1997-08-01,4.8,5.54,160.8,1997,8
1997-09-01,4.9,5.54,161.2,1997,9
1997-10-01,4.7,5.5,161.5,1997,10
1997-11-01,4.6,5.52,161.7,1997,11
1997-12-01,4.7,5.5,161.8,1997,12
1998-01-01,4.6,5.56,162.0,1998,1
1998-02-01,4.6,5.51,162.0,1998,2
1998-03-01,4.7,5.49,162.0,1998,3
1998-04-01,4.3,5.45,162.2,1998,4
1998-05-01,4.4,5.49,162.6,1998,5
1998-06-01,4.5,5.56,162.8,1998,6
1998-07-01,4.5,5.54,163.2,1998,7
1998-08-01,4.5,5.55,163.4,1998,8
1998-09-01,4.6,5.51,163.5,1998,9
1998-10-01,4.5,5.07,163.9,1998,10
1998-11-01,4.4,4.83,164.1,1998,11
1998-12-01,4.4,4.68,164.4,1998,12
1999-01-01,4.3,4.63,164.7,1999,1
1999-02-01,4.4,4.76,164.7,1999,2
1999-03-01,4.2,4.81,164.8,1999,3
1999-04-01,4.3,4.74,165.9,1999,4
1999-05-01,4.2,4.74,166.0,1999,5
1999-06-01,4.3,4.76,166.0,1999,6
1999-07-01,4.3,4.99,166.7,1999,7
1999-08-01,4.2,5.07,167.1,1999,8
1999-09-01,4.2,5.22,167.8,1999,9
1999-10-01,4.1,5.2,168.1,1999,10
1999-11-01,4.1,5.42,168.4,1999,11
1999-12-01,4.0,5.3,168.8,1999,12
2000-01-01,4.0,5.45,169.3,2000,1
2000-02-01,4.1,5.73,170.0,2000,2
2000-03-01,4.0,5.85,171.0,2000,3
2000-04-01,3.8,6.02,170.9,2000,4
2000-05-01,4.0,6.27,171.2,2000,5
2000-06-01,4.0,6.53,172.2,2000,6
2000-07-01,4.0,6.54,172.7,2000,7
2000-08-01,4.1,6.5,172.7,2000,8
2000-09-01,3.9,6.52,173.6,2000,9
2000-10-01,3.9,6.51,173.9,2000,10
2000-11-01,3.9,6.51,174.2,2000,11
2000-12-01,3.9,6.4,174.6,2000,12
2001-01-01,4.2,5.98,175.6,2001,1
2001-02-01,4.2,5.49,176.0,2001,2
2001-03-01,4.3,5.31,176.1,2001,3
2001-04-01,4.4,4.8,176.4,2001,4
2001-05-01,4.3,4.21,177.3,2001,5
2001-06-01,4.5,3.97,177.7,2001,6
2001-07-01,4.6,3.77,177.4,2001,7
2001-08-01,4.9,3.65,177.4,2001,8
2001-09-01,5.0,3.07,178.1,2001,9
2001-10-01,5.3,2.49,177.6,2001,10
2001-11-01,5.5,2.09,177.5,2001,11
2001-12-01,5.7,1.82,177.4,2001,12
2002-01-01,5.7,1.73,177.7,2002,1
2002-02-01,5.7,1.74,178.0,2002,2
2002-03-01,5.7,1.73,178.5,2002,3
2002-04-01,5.9,1.75,179.3,2002,4
2002-05-01,5.8,1.75,179.5,2002,5
2002-06-01,5.8,1.75,179.6,2002,6
2002-07-01,5.8,1.73,180.0,2002,7
2002-08-01,5.7,1.74,180.5,2002,8
2002-09-01,5.7,1.75,180.8,2002,9
2002-10-01,5.7,1.75,181.2,2002,10
2002-11-01,5.9,1.34,181.5,2002,11
2002-12-01,6.0,1.24,181.8,2002,12
2003-01-01,5.8,1.24,182.6,2003,1
2003-02-01,5.9,1.26,183.6,2003,2
2003-03-01,5.9,1.25,183.9,2003,3
2003-04-01,6.0,1.26,183.2,2003,4
2003-05-01,6.1,1.26,182.9,2003,5
2003-06-01,6.3,1.22,183.1,2003,6
2003-07-01,6.2,1.01,183.7,2003,7
2003-08-01,6.1,1.03,184.5,2003,8
2003-09-01,6.1,1.01,185.1,2003,9
2003-10-01,6.0,1.01,184.9,2003,10
2003-11-01,5.8,1.0,185.0,2003,11
2003-12-01,5.7,0.98,185.5,2003,12
2004-01-01,5.7,1.0,186.3,2004,1
2004-02-01,5.6,1.01,186.7,2004,2
2004-03-01,5.8,1.0,187.1,2004,3
2004-04-01,5.6,1.0,187.4,2004,4
2004-05-01,5.6,1.0,188.2,2004,5
2004-06-01,5.6,1.03,188.9,2004,6
2004-07-01,5.5,1.26,189.1,2004,7
2004-08-01,5.4,1.43,189.2,2004,8
2004-09-01,5.4,1.61,189.8,2004,9
2004-10-01,5.5,1.76,190.8,2004,10
2004-11-01,5.4,1.93,191.7,2004,11
2004-12-01,5.4,2.16,191.7,2004,12
2005-01-01,5.3,2.28,191.6,2005,1
2005-02-01,5.4,2.5,192.4,2005,2
2005-03-01,5.2,2.63,193.1,2005,3
2005-04-01,5.2,2.79,193.7,2005,4
2005-05-01,5.1,3.0,193.6,2005,5
2005-06-01,5.0,3.04,193.7,2005,6
2005-07-01,5.0,3.26,194.9,2005,7
2005-08-01,4.9,3.5,196.1,2005,8
2005-09-01,5.0,3.62,198.8,2005,9
2005-10-01,5.0,3.78,199.1,2005,10
2005-11-01,5.0,4.0,198.1,2005,11
2005-12-01,4.9,4.16,198.1,2005,12
2006-01-01,4.7,4.29,199.3,2006,1
2006-02-01,4.8,4.49,199.4,2006,2
2006-03-01,4.7,4.59,199.7,2006,3
2006-04-01,4.7,4.79,200.7,2006,4
2006-05-01,4.6,4.94,201.3,2006,5
2006-06-01,4.6,4.99,201.8,2006,6
2006-07-01,4.7,5.24,202.9,2006,7
2006-08-01,4.7,5.25,203.8,2006,8
2006-09-01,4.5,5.25,202.8,2006,9
2006-10-01,4.4,5.25,201.9,2006,10
2006-11-01,4.5,5.25,202.0,2006,11
2006-12-01,4.4,5.24,203.1,2006,12
2007-01-01,4.6,5.25,203.437,2007,1
2007-02-01,4.5,5.26,204.226,2007,2
2007-03-01,4.4,5.26,205.288,2007,3
2007-04-01,4.5,5.25,205.904,2007,4
2007-05-01,4.4,5.25,206.755,2007,5
2007-06-01,4.6,5.25,207.234,2007,6
2007-07-01,4.7,5.26,207.603,2007,7
2007-08-01,4.6,5.02,207.667,2007,8
2007-09-01,4.7,4.94,208.547,2007,9
2007-10-01,4.7,4.76,209.19,2007,10
2007-11-01,4.7,4.49,210.834,2007,11
2007-12-01,5.0,4.24,211.445,2007,12
2008-01-01,5.0,3.94,212.174,2008,1
2008-02-01,4.9,2.98,212.687,2008,2
2008-03-01,5.1,2.61,213.448,2008,3
2008-04-01,5.0,2.28,213.942,2008,4
2008-05-01,5.4,1.98,215.208,2008,5
2008-06-01,5.6,2.0,217.463,2008,6
2008-07-01,5.8,2.01,219.016,2008,7
2008-08-01,6.1,2.0,218.69,2008,8
2008-09-01,6.1,1.81,218.877,2008,9
2008-10-01,6.5,0.97,216.995,2008,10
2008-11-01,6.8,0.39,213.153,2008,11
2008-12-01,7.3,0.16,211.398,2008,12
2009-01-01,7.8,0.15,211.933,2009,1
2009-02-01,8.3,0.22,212.705,2009,2
2009-03-01,8.7,0.18,212.495,2009,3
2009-04-01,9.0,0.15,212.709,2009,4
2009-05-01,9.4,0.18,213.022,2009,5
2009-06-01,9.5,0.21,214.79,2009,6
2009-07-01,9.5,0.16,214.726,2009,7
2009-08-01,9.6,0.16,215.445,2009,8
2009-09-01,9.8,0.15,215.861,2009,9
2009-10-01,10.0,0.12,216.509,2009,10
2009-11-01,9.9,0.12,217.234,2009,11
2009-12-01,9.9,0.12,217.347,2009,12
2010-01-01,9.8,0.11,217.488,2010,1
2010-02-01,9.8,0.13,217.281,2010,2
2010-03-01,9.9,0.16,217.353,2010,3
2010-04-01,9.9,0.2,217.403,2010,4
2010-05-01,9.6,0.2,217.29,2010,5
2010-06-01,9.4,0.18,217.199,2010,6
2010-07-01,9.4,0.18,217.605,2010,7
2010-08-01,9.5,0.19,217.923,2010,8
2010-09-01,9.5,0.19,218.275,2010,9
2010-10-01,9.4,0.19,219.035,2010,10
2010-11-01,9.8,0.19,219.59,2010,11
2010-12-01,9.3,0.18,220.472,2010,12
2011-01-01,9.1,0.17,221.187,2011,1
2011-02-01,9.0,0.16,221.898,2011,2
2011-03-01,9.0,0.14,223.046,2011,3
2011-04-01,9.1,0.1,224.093,2011,4
2011-05-01,9.0,0.09,224.806,2011,5
2011-06-01,9.1,0.09,224.806,2011,6
2011-07-01,9.0,0.07,225.395,2011,7
2011-08-01,9.0,0.1,226.106,2011,8
2011-09-01,9.0,0.08,226.597,2011,9
2011-10-01,8.8,0.07,226.75,2011,10
2011-11-01,8.6,0.08,227.169,2011,11
2011-12-01,8.5,0.07,227.223,2011,12
2012-01-01,8.3,0.08,227.842,2012,1
2012-02-01,8.3,0.1,228.329,2012,2
2012-03-01,8.2,0.13,228.807,2012,3
2012-04-01,8.2,0.14,229.187,2012,4
2012-05-01,8.2,0.16,228.713,2012,5
2012-06-01,8.2,0.16,228.524,2012,6
2012-07-01,8.2,0.16,228.59,2012,7
2012-08-01,8.1,0.13,229.918,2012,8
2012-09-01,7.8,0.14,231.015,2012,9
2012-10-01,7.8,0.16,231.638,2012,10
2012-11-01,7.7,0.16,231.249,2012,11
2012-12-01,7.9,0.16,231.221,2012,12
2013-01-01,8.0,0.14,231.679,2013,1
2013-02-01,7.7,0.15,232.937,2013,2
2013-03-01,7.5,0.14,232.282,2013,3
2013-04-01,7.6,0.15,231.797,2013,4
2013-05-01,7.5,0.11,231.893,2013,5
2013-06-01,7.5,0.09,232.445,2013,6
2013-07-01,7.3,0.09,232.9,2013,7
2013-08-01,7.2,0.08,233.456,2013,8
2013-09-01,7.2,0.08,233.544,2013,9
2013-10-01,7.2,0.09,233.669,2013,10
2013-11-01,6.9,0.08,234.1,2013,11
2013-12-01,6.7,0.09,234.719,2013,12
2014-01-01,6.6,0.07,235.288,2014,1
2014-02-01,6.7,0.07,235.547,2014,2
2014-03-01,6.7,0.08,236.028,2014,3
2014-04-01,6.2,0.09,236.468,2014,4
2014-05-01,6.3,0.09,236.918,2014,5
2014-06-01,6.1,0.1,237.231,2014,6
2014-07-01,6.2,0.09,237.498,2014,7
2014-08-01,6.1,0.09,237.46,2014,8
2014-09-01,5.9,0.09,237.477,2014,9
2014-10-01,5.7,0.09,237.43,2014,10
2014-11-01,5.8,0.09,236.983,2014,11
2014-12-01,5.6,0.12,236.252,2014,12
2015-01-01,5.7,0.11,234.747,2015,1
2015-02-01,5.5,0.11,235.342,2015,2
2015-03-01,5.4,0.11,235.976,2015,3
2015-04-01,5.4,0.12,236.222,2015,4
2015-05-01,5.6,0.12,237.001,2015,5
2015-06-01,5.3,0.13,237.657,2015,6
2015-07-01,5.2,0.13,238.034,2015,7
2015-08-01,5.1,0.14,238.033,2015,8
2015-09-01,5.0,0.14,237.498,2015,9
2015-10-01,5.0,0.12,237.733,2015,10
2015-11-01,5.1,0.12,238.017,2015,11
2015-12-01,5.0,0.24,237.761,2015,12
2016-01-01,4.8,0.34,237.652,2016,1
2016-02-01,4.9,0.38,237.336,2016,2
2016-03-01,5.0,0.36,238.08,2016,3
2016-04-01,5.1,0.37,238.992,2016,4
2016-05-01,4.8,0.37,239.557,2016,5
2016-06-01,4.9,0.38,240.222,2016,6
2016-07-01,4.8,0.39,240.101,2016,7
2016-08-01,4.9,0.4,240.545,2016,8
2016-09-01,5.0,0.4,241.176,2016,9
2016-10-01,4.9,0.4,241.741,2016,10
2016-11-01,4.7,0.41,242.026,2016,11
2016-12-01,4.7,0.54,242.637,2016,12
2017-01-01,4.7,0.65,243.618,2017,1
2017-02-01,4.6,0.66,244.006,2017,2
2017-03-01,4.4,0.79,243.892,2017,3
2017-04-01,4.4,0.9,244.193,2017,4
2017-05-01,4.4,0.91,244.004,2017,5
2017-06-01,4.3,1.04,244.163,2017,6
2017-07-01,4.3,1.15,244.243,2017,7
2017-08-01,4.4,1.16,245.183,2017,8
2017-09-01,4.3,1.15,246.435,2017,9
2017-10-01,4.2,1.15,246.626,2017,10
2017-11-01,4.2,1.16,247.284,2017,11
2017-12-01,4.1,1.3,247.805,2017,12
2018-01-01,4.0,1.41,248.859,2018,1
2018-02-01,4.1,1.42,249.529,2018,2
2018-03-01,4.0,1.51,249.577,2018,3
2018-04-01,4.0,1.69,250.227,2018,4
2018-05-01,3.8,1.7,250.792,2018,5
2018-06-01,4.0,1.82,251.018,2018,6
2018-07-01,3.8,1.91,251.214,2018,7
2018-08-01,3.8,1.91,251.663,2018,8
2018-09-01,3.7,1.95,252.182,2018,9
2018-10-01,3.8,2.19,252.772,2018,10
2018-11-01,3.8,2.2,252.594,2018,11
2018-12-01,3.9,2.27,252.767,2018,12
2019-01-01,4.0,2.4,252.561,2019,1
2019-02-01,3.8,2.4,253.319,2019,2
2019-03-01,3.8,2.41,254.277,2019,3
2019-04-01,3.7,2.42,255.233,2019,4
2019-05-01,3.6,2.39,255.296,2019,5
2019-06-01,3.6,2.38,255.213,2019,6
2019-07-01,3.7,2.4,255.802,2019,7
2019-08-01,3.6,2.13,256.036,2019,8
2019-09-01,3.5,2.04,256.43,2019,9
2019-10-01,3.6,1.83,257.155,2019,10
2019-11-01,3.6,1.55,257.879,2019,11
2019-12-01,3.6,1.55,258.63,2019,12
2020-01-01,3.6,1.55,259.127,2020,1
2020-02-01,3.5,1.58,259.25,2020,2
2020-03-01,4.4,0.65,258.076,2020,3
2020-04-01,14.8,0.05,256.032,2020,4
2020-05-01,13.2,0.05,255.802,2020,5
2020-06-01,11.0,0.08,257.042,2020,6
2020-07-01,10.2,0.09,258.352,2020,7
2020-08-01,8.4,0.1,259.316,2020,8
2020-09-01,7.8,0.09,259.997,2020,9
2020-10-01,6.9,0.09,260.319,2020,10
2020-11-01,6.7,0.09,260.911,2020,11
2020-12-01,6.7,0.09,262.045,2020,12
2021-01-01,6.4,0.09,262.687,2021,1
2021-02-01,6.2,0.08,263.579,2021,2
2021-03-01,6.1,0.07,264.961,2021,3
2021-04-01,6.1,0.07,266.614,2021,4
2021-05-01,5.8,0.06,268.383,2021,5
2021-06-01,5.9,0.08,270.654,2021,6
2021-07-01,5.4,0.1,271.903,2021,7
2021-08-01,5.1,0.09,272.676,2021,8
2021-09-01,4.7,0.08,273.91,2021,9
2021-10-01,4.5,0.08,276.55,2021,10
2021-11-01,4.1,0.08,278.919,2021,11
2021-12-01,3.9,0.08,280.845,2021,12
2022-01-01,4.0,0.08,282.543,2022,1
2022-02-01,3.9,0.08,284.5,2022,2
2022-03-01,3.7,0.2,287.674,2022,3
2022-04-01,3.7,0.33,288.561,2022,4
2022-05-01,3.6,0.77,291.298,2022,5
2022-06-01,3.6,1.21,294.957,2022,6
2022-07-01,3.5,1.68,294.913,2022,7
2022-08-01,3.6,2.33,295.097,2022,8
2022-09-01,3.5,2.56,296.349,2022,9
2022-10-01,3.6,3.08,298.007,2022,10
2022-11-01,3.6,3.78,298.786,2022,11
2022-12-01,3.5,4.1,298.832,2022,12
2023-01-01,3.5,4.33,300.42,2023,1
2023-02-01,3.6,4.57,301.45,2023,2
2023-03-01,3.5,4.65,301.821,2023,3
2023-04-01,3.4,4.83,302.845,2023,4
2023-05-01,3.6,5.06,303.334,2023,5
2023-06-01,3.6,5.08,304.014,2023,6
2023-07-01,3.5,5.12,304.609,2023,7
2023-08-01,3.7,5.33,306.082,2023,8
2023-09-01,3.7,5.33,307.276,2023,9
2023-10-01,3.9,5.33,307.696,2023,10
2023-11-01,3.7,5.33,308.148,2023,11
2023-12-01,3.8,5.33,308.741,2023,12
2024-01-01,3.7,5.33,309.698,2024,1
2024-02-01,3.9,5.33,310.967,2024,2
2024-03-01,3.9,5.33,312.345,2024,3
2024-04-01,3.9,5.33,313.023,2024,4
2024-05-01,3.9,5.33,313.175,2024,5
2024-06-01,4.1,5.33,313.044,2024,6
2024-07-01,4.2,5.33,313.569,2024,7
2024-08-01,4.2,5.33,314.062,2024,8
2024-09-01,4.1,5.13,314.732,2024,9
2024-10-01,4.1,4.83,315.631,2024,10
2024-11-01,4.2,4.64,316.528,2024,11
2024-12-01,4.1,4.48,317.604,2024,12
2025-01-01,4.0,4.33,318.961,2025,1
2025-02-01,4.2,4.33,319.679,2025,2
2025-03-01,4.2,4.33,319.785,2025,3
2025-04-01,4.2,4.33,320.302,2025,4
2025-05-01,4.3,4.33,320.62,2025,5
2025-06-01,4.1,4.33,321.435,2025,6
2025-07-01,4.3,4.33,322.169,2025,7
2025-08-01,4.3,4.33,323.291,2025,8
2025-09-01,4.4,4.22,324.245,2025,9
2025-10-01,,4.09,,2025,10
2025-11-01,4.5,3.88,325.063,2025,11
2025-12-01,4.4,3.72,326.031,2025,12
2026-01-01,4.3,3.64,326.588,2026,1
2026-02-01,4.4,3.64,327.46,2026,2
2026-03-01,4.3,3.64,330.293,2026,3
2026-04-01,4.3,3.64,332.407,2026,4
2026-05-01,4.3,3.63,333.979,2026,5
2026-06-01,4.2,3.63,332.568,2026,6
